,Код ЕСР,Краткое наименование,Полное наименование,Регион,ЖД,coords,lat,lon
978,17000,СМОЛЕНСК-СОРТ,СМОЛЕНСК-СОРТИРОВОЧНЫЙ,Смоленская область,Московская,"('54.797585', '32.034188')",54.797585,32.034188
979,17010,СМОЛЕНСК,СМОЛЕНСК,Смоленская область,Московская,"('54.797585', '32.034188')",54.797585,32.034188
980,17080,ЕЛЬНЯ,ЕЛЬНЯ,Смоленская область,Московская,"('54.574144', '33.169935')",54.574144,33.169935
981,17110,ГНЕЗДОВО,ГНЕЗДОВО,Смоленская область,Московская,"('54.779473', '31.862471')",54.779473,31.862471
982,17130,ГУСИНО,ГУСИНО,Смоленская область,Московская,"('54.725387', '31.369076')",54.725387,31.369076
983,17140,КРАСНОЕ-Э,КРАСНОЕ (ЭКСП.),Смоленская область,Московская,"('54.682682', '31.034721')",54.682682,31.034721
984,17160,КРАСНЫЙ БОР,КРАСНЫЙ БОР,Смоленская область,Московская,"('54.800117', '31.903409')",54.800117,31.903409
985,17170,ГОЛЫНКИ,ГОЛЫНКИ,Смоленская область,Московская,"('54.867694', '31.388403')",54.867694,31.388403
986,17190,РУДНЯ,РУДНЯ,Смоленская область,Московская,"('54.947095', '31.063719')",54.947095,31.063719
987,17200,РУДНЯ-Э,РУДНЯ (ЭКСП.),Смоленская область,Московская,"('54.947095', '31.063719')",54.947095,31.063719
988,17210,КАРДЫМОВО,КАРДЫМОВО,Смоленская область,Московская,"('54.884608', '32.448757')",54.884608,32.448757
989,17230,ЯРЦЕВО,ЯРЦЕВО,Смоленская область,Московская,"('55.06731', '32.653614')",55.06731,32.653614
990,17240,МИЛОХОВО,МИЛОХОВО,Смоленская область,Московская,"('55.069007', '32.789871')",55.069007,32.789871
991,17250,САФОНОВО,САФОНОВО,Смоленская область,Московская,"('55.105039', '33.243069')",55.105039,33.243069
992,17270,АЗОТНАЯ,АЗОТНАЯ,Смоленская область,Московская,"('54.97865', '33.359705')",54.97865,33.359705
993,17300,ИГОРЕВСКАЯ,ИГОРЕВСКАЯ,Смоленская область,Московская,"('55.45663', '33.295889')",55.45663,33.295889
994,17340,ИЗДЕШКОВО,ИЗДЕШКОВО,Смоленская область,Московская,"('55.141187', '33.621178')",55.141187,33.621178
995,17360,СЕМЛЕВО,СЕМЛЕВО,Смоленская область,Московская,"('55.146283', '33.994403')",55.146283,33.994403
996,17380,СЫЧЕВКА,СЫЧЕВКА,Смоленская область,Московская,"('55.84411', '34.294772')",55.84411,34.294772
997,17390,НОВОДУГИНСКАЯ,НОВОДУГИНСКАЯ,Смоленская область,Московская,"('55.631939', '34.296591')",55.631939,34.296591
998,17410,ВЯЗЬМА-НОВОТ,ВЯЗЬМА-НОВОТОРЖСКАЯ,Смоленская область,Московская,"('55.227139', '34.322287')",55.227139,34.322287
999,17430,ВЯЗЬМА,ВЯЗЬМА,Смоленская область,Московская,"('55.198969', '34.317809')",55.198969,34.317809
1000,17440,ВЯЗЬМА-БРЯНС,ВЯЗЬМА-БРЯНСКАЯ,Смоленская область,Московская,"('55.170059', '34.369234')",55.170059,34.369234
1001,17460,ВОЛОСТА-ПЯТН,ВОЛОСТА-ПЯТНИЦА,Смоленская область,Московская,"('54.991172', '34.342489')",54.991172,34.342489
1002,17470,УГРА,УГРА,Смоленская область,Московская,"('54.779028', '34.342346')",54.779028,34.342346
1003,17520,ТУМАНОВО,ТУМАНОВО,Смоленская область,Московская,,,
1004,17540,ГАГАРИН,ГАГАРИН,Смоленская область,Московская,"('55.543502', '34.985132')",55.543502,34.985132
1005,17560,УВАРОВКА,УВАРОВКА,Московская область,Московская,"('55.532645', '35.609776')",55.532645,35.609776
1006,17580,БОРОДИНО,БОРОДИНО,Московская область,Московская,"('55.495975', '35.862587')",55.495975,35.862587
1007,17620,ВАЛУТИНО,ВАЛУТИНО,Смоленская область,Московская,"('54.760853', '32.215521')",54.760853,32.215521
1008,17630,ТЫЧИНИНО,ТЫЧИНИНО,Смоленская область,Московская,"('54.690171', '32.230558')",54.690171,32.230558
1009,17640,НОВОСМОЛЕНСКАЯ,НОВОСМОЛЕНСКАЯ,Смоленская область,Московская,"('54.784768', '32.099782')",54.784768,32.099782
1010,17660,РЯБЦЕВО,РЯБЦЕВО,Смоленская область,Московская,"('54.642482', '32.343912')",54.642482,32.343912
1011,17680,ПОЧИНОК,ПОЧИНОК,Смоленская область,Московская,"('54.406852', '32.442538')",54.406852,32.442538
1012,17690,ЭНГЕЛЬГАРД,ЭНГЕЛЬГАРДТОВСКАЯ,Смоленская область,Московская,"('54.334058', '32.507443')",54.334058,32.507443
1013,17700,СТОДОЛИЩЕ,СТОДОЛИЩЕ,Смоленская область,Московская,"('54.18278', '32.64688')",54.18278,32.64688
1014,17730,КОЗЛОВКА,КОЗЛОВКА,Смоленская область,Московская,"('53.987899', '32.829884')",53.987899,32.829884
1015,17740,РОСЛАВЛЬ I,РОСЛАВЛЬ I,Смоленская область,Московская,"('53.953626', '32.874647')",53.953626,32.874647
1016,17780,ПОНЯТОВКА,ПОНЯТОВКА,Смоленская область,Московская,"('53.796054', '32.47366')",53.796054,32.47366
1017,17790,ПОНЯТОВКА-Э,ПОНЯТОВКА (ЭКСП.),Смоленская область,Московская,"('53.796054', '32.47366')",53.796054,32.47366
1018,17800,АСЕЛЬЕ,АСЕЛЬЕ,Смоленская область,Московская,"('53.943873', '33.239337')",53.943873,33.239337
1019,17830,СЕЩИНСКАЯ,СЕЩИНСКАЯ,Брянская область,Московская,"('53.736402', '33.335946')",53.736402,33.335946
1020,17840,ДУБРОВКА,ДУБРОВКА,Брянская область,Московская,"('53.689948', '33.497984')",53.689948,33.497984
1021,17850,ЖУКОВКА,ЖУКОВКА,Брянская область,Московская,"('53.530754', '33.725011')",53.530754,33.725011
1022,17870,КЛЕТНЯ,КЛЕТНЯ,Брянская область,Московская,"('53.390812', '33.211417')",53.390812,33.211417
1023,17880,ТРОСНА,ТРОСНА,Брянская область,Московская,"('53.475015', '33.795496')",53.475015,33.795496
1024,17890,РЖАНИЦА,РЖАНИЦА,Брянская область,Московская,"('53.430784', '33.913302')",53.430784,33.913302
1025,17900,СЕЛЬЦО,СЕЛЬЦО,Брянская область,Московская,"('53.367596', '34.100587')",53.367596,34.100587
1026,17910,ОРДЖОНИКИДЗЕ,ОРДЖОНИКИДЗЕГРАД,Брянская область,Московская,"('53.314101', '34.308239')",53.314101,34.308239
1027,18000,БЕКАСОВО-СОРТ,БЕКАСОВО-СОРТИРОВОЧНОЕ,Город Москва столица Российской Федерации город федерального значения,Московская,"('55.419592', '36.870633')",55.419592,36.870633
1028,18010,АКУЛОВО,АКУЛОВО,Московская область,Московская,"('55.502174', '36.688539')",55.502174,36.688539
1029,18020,ОЧАКОВО I,ОЧАКОВО I,Город Москва столица Российской Федерации город федерального значения,Московская,"('55.683487', '37.450988')",55.683487,37.450988
1030,18050,СОЛНЕЧНАЯ,СОЛНЕЧНАЯ,Город Москва столица Российской Федерации город федерального значения,Московская,"('55.657184', '37.384538')",55.657184,37.384538
1031,18060,ВНУКОВО,ВНУКОВО,Город Москва столица Российской Федерации город федерального значения,Московская,"('55.649166', '37.270064')",55.649166,37.270064
1032,18070,АЭРОПОРТ,АЭРОПОРТ,Город Москва столица Российской Федерации город федерального значения,Московская,"('55.606821', '37.286973')",55.606821,37.286973
1033,18080,ТОЛСТОПАЛЬЦ,ТОЛСТОПАЛЬЦЕВО,Город Москва столица Российской Федерации город федерального значения,Московская,"('55.607575', '37.186056')",55.607575,37.186056
1034,18090,КРЕКШИНО,КРЕКШИНО,Город Москва столица Российской Федерации город федерального значения,Московская,"('55.578244', '37.109903')",55.578244,37.109903
1035,18100,АПРЕЛЕВКА,АПРЕЛЕВКА,Московская область,Московская,"('55.550478', '37.066977')",55.550478,37.066977
1036,18110,СЕЛЯТИНО,СЕЛЯТИНО,Московская область,Московская,"('55.516409', '36.967244')",55.516409,36.967244
1037,18120,САНДАРОВО,САНДАРОВО,Московская область,Московская,"('55.257625', '37.446593')",55.257625,37.446593
1038,18140,КРЕСТЫ,КРЕСТЫ,Город Москва столица Российской Федерации город федерального значения,Московская,"('55.275202', '37.114089')",55.275202,37.114089
1039,18160,ФИЛИ,ФИЛИ,Город Москва столица Российской Федерации город федерального значения,Московская,"('55.744348', '37.514733')",55.744348,37.514733
1040,18180,КУНЦЕВО II,КУНЦЕВО II,Город Москва столица Российской Федерации город федерального значения,Московская,"('55.72964', '37.393947')",55.72964,37.393947
1041,18210,УСОВО,УСОВО,Московская область,Московская,"('55.730016', '37.21636')",55.730016,37.21636
1042,18220,ОДИНЦОВО,ОДИНЦОВО,Московская область,Московская,"('55.671248', '37.280474')",55.671248,37.280474
1043,18230,ГОЛИЦЫНО,ГОЛИЦЫНО,Московская область,Московская,"('55.615803', '36.987246')",55.615803,36.987246
1044,18240,ЗВЕНИГОРОД,ЗВЕНИГОРОД,Московская область,Московская,"('55.69861', '36.873154')",55.69861,36.873154
1045,18250,ПЕТЕЛИНО,ПЕТЕЛИНО,Московская область,Московская,"('55.601665', '36.820981')",55.601665,36.820981
1046,18260,КУБИНКА I,КУБИНКА I,Московская область,Московская,"('55.579533', '36.691324')",55.579533,36.691324
1047,18270,КУБИНКА II,КУБИНКА II,Московская область,Московская,"('55.599891', '36.725428')",55.599891,36.725428
1048,18290,ТУЧКОВО,ТУЧКОВО,Московская область,Московская,"('55.595867', '36.468823')",55.595867,36.468823
1049,18300,ДОРОХОВО,ДОРОХОВО,Московская область,Московская,"('55.54671', '36.371941')",55.54671,36.371941
1050,18320,МОЖАЙСК,МОЖАЙСК,Московская область,Московская,"('55.49345', '36.033239')",55.49345,36.033239
1051,18330,НАРА,НАРА,Московская область,Московская,"('55.383393', '36.749966')",55.383393,36.749966
1052,18340,ЛАТЫШСКАЯ,ЛАТЫШСКАЯ,Московская область,Московская,"('55.357758', '36.703766')",55.357758,36.703766
1053,18350,ВОРСИНО,ВОРСИНО,Калужская область,Московская,"('55.240923', '36.666645')",55.240923,36.666645
1054,18360,БАЛАБАНОВО,БАЛАБАНОВО,Калужская область,Московская,"('55.179099', '36.661788')",55.179099,36.661788
1055,18370,ОБНИНСКОЕ,ОБНИНСКОЕ,Калужская область,Московская,"('55.092623', '36.617317')",55.092623,36.617317
1056,18380,ШЕМЯКИНО,ШЕМЯКИНО,Калужская область,Московская,"('55.053348', '36.554625')",55.053348,36.554625
1057,18390,МАЛОЯРОСЛАВ,МАЛОЯРОСЛАВЕЦ,Калужская область,Московская,"('55.00887', '36.479865')",55.00887,36.479865
1058,18410,СУХОДРЕВ,СУХОДРЕВ,Калужская область,Московская,"('54.807381', '36.318958')",54.807381,36.318958
1059,18420,ТИХОНОВА ПУСТЫНЬ,ТИХОНОВА ПУСТЫНЬ,Калужская область,Московская,"('54.641799', '36.153949')",54.641799,36.153949
1060,18440,КАЛУГА II,КАЛУГА II,Калужская область,Московская,"('54.531556', '36.294376')",54.531556,36.294376
1061,18450,ВОРОТЫНСК,ВОРОТЫНСК,Калужская область,Московская,"('54.465943', '36.038371')",54.465943,36.038371
1062,18460,БАБЫНИНО,БАБЫНИНО,Калужская область,Московская,"('54.389057', '35.739862')",54.389057,35.739862
1063,18480,КУДРИНСКАЯ,КУДРИНСКАЯ,Калужская область,Московская,"('54.249784', '35.542975')",54.249784,35.542975
1064,18500,СУХИНИЧИ,СУХИНИЧИ,Калужская область,Московская,"('54.11829', '35.343758')",54.11829,35.343758
1065,18510,КОЗЕЛЬСК,КОЗЕЛЬСК,Калужская область,Московская,"('54.037167', '35.757696')",54.037167,35.757696
1066,18520,СУХИНИЧИ-ГЛ,СУХИНИЧИ-ГЛАВНЫЕ,Калужская область,Московская,"('54.086965', '35.318609')",54.086965,35.318609
1067,18540,ДУМИНИЧИ,ДУМИНИЧИ,Калужская область,Московская,"('53.931021', '35.116453')",53.931021,35.116453
1068,18550,ПАЛИКИ,ПАЛИКИ,Калужская область,Московская,"('53.844641', '34.983097')",53.844641,34.983097
1069,18570,СУДИМИР,СУДИМИР,Калужская область,Московская,"('53.605979', '34.786579')",53.605979,34.786579
1070,18620,ФАЯНСОВАЯ,ФАЯНСОВАЯ,Калужская область,Московская,"('54.066618', '34.37536')",54.066618,34.37536
1071,18630,ПОДПИСНАЯ,ПОДПИСНАЯ,Калужская область,Московская,"('54.080175', '34.260102')",54.080175,34.260102
1072,18640,БЕТЛИЦА,БЕТЛИЦА,Калужская область,Московская,"('54.012282', '33.945997')",54.012282,33.945997
1073,18680,ЛЮДИНОВО I,ЛЮДИНОВО I,Калужская область,Московская,"('53.864193', '34.461393')",53.864193,34.461393
1074,18690,ЛЮДИНОВО II,ЛЮДИНОВО II,Калужская область,Московская,"('53.858511', '34.421911')",53.858511,34.421911
1075,18700,ШАЙКОВКА,ШАЙКОВКА,Калужская область,Московская,"('54.233866', '34.361395')",54.233866,34.361395
1076,18750,БАРЯТИНСКАЯ,БАРЯТИНСКАЯ,Калужская область,Московская,"('54.30907', '34.526469')",54.30907,34.526469
1077,18770,СПАС-ДЕМЕНСК,СПАС-ДЕМЕНСК,Калужская область,Московская,"('54.41338', '34.031242')",54.41338,34.031242
1078,18790,ФЕРЗИКОВО,ФЕРЗИКОВО,Калужская область,Московская,"('54.51455', '36.764101')",54.51455,36.764101
1079,18810,ПЕРСПЕКТИВНАЯ,ПЕРСПЕКТИВНАЯ,Калужская область,Московская,"('54.555427', '36.307683')",54.555427,36.307683
1080,18820,КАЛУГА I,КАЛУГА I,Калужская область,Московская,"('54.533483', '36.279355')",54.533483,36.279355
1081,18860,АЗАРОВО,АЗАРОВО,Калужская область,Московская,"('54.56607', '36.244296')",54.56607,36.244296
1082,18890,ПЯТОВСКАЯ,ПЯТОВСКАЯ,Калужская область,Московская,"('54.690999', '36.072585')",54.690999,36.072585
1083,18900,ШАНЯ,ШАНЯ,Калужская область,Московская,"('54.695769', '35.973384')",54.695769,35.973384
1084,18910,ПОЛОТНЯНЫЙ ЗАВОД,ПОЛОТНЯНЫЙ ЗАВОД,Калужская область,Московская,"('54.731155', '35.971886')",54.731155,35.971886
1085,18920,ГОВАРДОВО,ГОВАРДОВО,Калужская область,Московская,"('54.774951', '35.914029')",54.774951,35.914029
1086,18930,МЯТЛЕВСКАЯ,МЯТЛЕВСКАЯ,Калужская область,Московская,"('54.89221', '35.67586')",54.89221,35.67586
1087,18950,ИЗНОСКИ,ИЗНОСКИ,Калужская область,Московская,"('54.986949', '35.313106')",54.986949,35.313106
1088,18960,ТЕМКИНО,ТЕМКИНО,Смоленская область,Московская,"('55.083209', '35.010351')",55.083209,35.010351
1089,19000,ЛЮБЛИНО-СОРТ,ЛЮБЛИНО-СОРТИРОВОЧНОЕ,Город Москва столица Российской Федерации город федерального значения,Московская,"('55.68531', '37.734242')",55.68531,37.734242
1090,19020,СЕРПУХОВ,СЕРПУХОВ,Московская область,Московская,"('54.93475', '37.451821')",54.93475,37.451821
1091,19030,СЕРПУХОВ-ВЕТКА,СЕРПУХОВ-ВЕТКА,Московская область,Московская,"('54.93489', '37.451727')",54.93489,37.451727
1092,19040,ШАРАПОВА ОХОТА,ШАРАПОВА ОХОТА,Московская область,Московская,"('55.040487', '37.47765')",55.040487,37.47765
1093,19050,ЧЕХОВ,ЧЕХОВ,Московская область,Московская,"('55.148945', '37.489978')",55.148945,37.489978
1094,19060,СТОЛБОВАЯ,СТОЛБОВАЯ,Московская область,Московская,"('55.248827', '37.494094')",55.248827,37.494094
1095,19070,ДЕТКОВО,ДЕТКОВО,Московская область,Московская,"('55.218135', '37.519281')",55.218135,37.519281
1096,19080,ГРИВНО,ГРИВНО,Московская область,Московская,"('55.357309', '37.527373')",55.357309,37.527373
1097,19090,ПОДОЛЬСК,ПОДОЛЬСК,Московская область,Московская,"('55.432224', '37.565615')",55.432224,37.565615
1098,19100,СИЛИКАТНАЯ,СИЛИКАТНАЯ,Московская область,Московская,"('55.471398', '37.555292')",55.471398,37.555292
1099,19110,ЩЕРБИНКА,ЩЕРБИНКА,Город Москва столица Российской Федерации город федерального значения,Московская,"('55.509732', '37.561994')",55.509732,37.561994
1100,19140,КРАСНЫЙ СТР,КРАСНЫЙ СТРОИТЕЛЬ,Город Москва столица Российской Федерации город федерального значения,Московская,"('55.590418', '37.615167')",55.590418,37.615167
1101,19180,КАШИРА-ПАС,КАШИРА-ПАССАЖИРСКАЯ,Московская область,Московская,"('54.857917', '38.190041')",54.857917,38.190041
1102,19190,КАШИРА-ТОВ,КАШИРА-ТОВАРНАЯ,Московская область,Московская,"('54.857917', '38.190041')",54.857917,38.190041
1103,19200,АКРИ,АКРИ,Московская область,Московская,"('54.872073', '38.121967')",54.872073,38.121967
1104,19210,СТУПИНО,СТУПИНО,Московская область,Московская,"('54.908878', '38.079621')",54.908878,38.079621
1105,19220,ЖИЛЕВО,ЖИЛЕВО,Московская область,Московская,"('54.985937', '38.031726')",54.985937,38.031726
1106,19230,НЕПЕЦИНО,НЕПЕЦИНО,Московская область,Московская,"('55.212467', '38.578464')",55.212467,38.578464
1107,19250,СОТНИКОВО,СОТНИКОВО,Московская область,Московская,"('55.05905', '38.15225')",55.05905,38.15225
1108,19260,МИХНЕВО,МИХНЕВО,Московская область,Московская,"('55.120938', '37.960944')",55.120938,37.960944
1109,19240,МАЛИНО,МАЛИНО,Московская область,Московская,,,
1110,19270,БАРЫБИНО,БАРЫБИНО,Московская область,Московская,"('55.267726', '37.896675')",55.267726,37.896675
1111,19280,БЕЛЫЕ СТОЛБЫ,БЕЛЫЕ СТОЛБЫ,Московская область,Московская,"('55.334891', '37.849199')",55.334891,37.849199
1112,19290,ДОМОДЕДОВО,ДОМОДЕДОВО,Московская область,Московская,"('55.440764', '37.772593')",55.440764,37.772593
1113,19300,АВИАЦИОННАЯ,АВИАЦИОННАЯ,Московская область,Московская,"('55.420327', '37.832672')",55.420327,37.832672
1114,19310,КОСМОС,КОСМОС,Московская область,Московская,"('55.427927', '37.88223')",55.427927,37.88223
1115,19320,ЧЕРТАНОВО,ЧЕРТАНОВО,Город Москва столица Российской Федерации город федерального значения,Московская,"('55.630939', '37.627348')",55.630939,37.627348
1116,19330,БИРЮЛЕВО-ТОВ,БИРЮЛЕВО-ТОВАРНАЯ,Город Москва столица Российской Федерации город федерального значения,Московская,"('55.592827', '37.653874')",55.592827,37.653874
1117,19340,КОЛОМЕНСКОЕ,КОЛОМЕНСКОЕ,Город Москва столица Российской Федерации город федерального значения,Московская,"('55.654803', '37.622143')",55.654803,37.622143
1118,19350,МОСКВА-Т-ПАВ,МОСКВА-ТОВАРНАЯ-ПАВЕЛЕЦКАЯ,Город Москва столица Российской Федерации город федерального значения,Московская,"('55.718824', '37.642415')",55.718824,37.642415
1119,19370,КУСКОВО,КУСКОВО,Город Москва столица Российской Федерации город федерального значения,Московская,"('55.73968', '37.795376')",55.73968,37.795376
1120,19380,ПЕРОВО,ПЕРОВО,Город Москва столица Российской Федерации город федерального значения,Московская,"('55.735818', '37.764368')",55.735818,37.764368
1121,19390,МОСКВА-П-КАЗ,МОСКВА-ПАССАЖИРСКАЯ-КАЗАНСКАЯ,Город Москва столица Российской Федерации город федерального значения,Московская,,,
1122,19420,ЛЮБЕРЦЫ I,ЛЮБЕРЦЫ I,Московская область,Московская,"('55.682345', '37.896621')",55.682345,37.896621
1123,19430,ЛЮБЕРЦЫ II,ЛЮБЕРЦЫ II,Московская область,Московская,"('55.672788', '37.932545')",55.672788,37.932545
1124,19440,МАЛЬЧИКИ,МАЛЬЧИКИ,Московская область,Московская,"('55.672888', '37.91981')",55.672888,37.91981
1125,19450,ЯНИЧКИНО,ЯНИЧКИНО,Московская область,Московская,"('55.652554', '37.856718')",55.652554,37.856718
1126,19460,ОВРАЖКИ,ОВРАЖКИ,Московская область,Московская,"('55.664767', '38.033641')",55.664767,38.033641
1127,19470,ГЖЕЛЬ,ГЖЕЛЬ,Московская область,Московская,"('55.608828', '38.447688')",55.608828,38.447688
1128,19480,БЫКОВО,БЫКОВО,Московская область,Московская,"('55.626797', '38.070511')",55.626797,38.070511
1129,19490,РАМЕНСКОЕ,РАМЕНСКОЕ,Московская область,Московская,"('55.564764', '38.227724')",55.564764,38.227724
1130,19500,БРОННИЦЫ,БРОННИЦЫ,Московская область,Московская,"('55.498183', '38.364581')",55.498183,38.364581
1131,19510,ФАУСТОВО,ФАУСТОВО,Московская область,Московская,"('55.445141', '38.495706')",55.445141,38.495706
1132,19520,ВИНОГРАДОВО,ВИНОГРАДОВО,Московская область,Московская,"('55.427059', '38.560866')",55.427059,38.560866
1133,19540,ЛОСИНООСТРОВ,ЛОСИНООСТРОВСКАЯ,Город Москва столица Российской Федерации город федерального значения,Московская,"('55.862812', '37.682987')",55.862812,37.682987
1134,19550,МОСКВА-П-ЯР,МОСКВА-ПАССАЖИРСКАЯ-ЯРОСЛАВСКАЯ,Город Москва столица Российской Федерации город федерального значения,Московская,"('55.777431', '37.656623')",55.777431,37.656623
1135,19580,БЕСКУДНИКОВО,БЕСКУДНИКОВО,Город Москва столица Российской Федерации город федерального значения,Московская,"('55.882734', '37.56777')",55.882734,37.56777
1136,19600,МОСКВА-БУТЫР,МОСКВА-БУТЫРСКАЯ,Город Москва столица Российской Федерации город федерального значения,Московская,"('55.794812', '37.588237')",55.794812,37.588237
1137,19620,ГРАЖДАНСКАЯ,ГРАЖДАНСКАЯ,Город Москва столица Российской Федерации город федерального значения,Московская,"('55.805531', '37.553158')",55.805531,37.553158
1138,19630,ПОДМОСКОВНАЯ,ПОДМОСКОВНАЯ,Город Москва столица Российской Федерации город федерального значения,Московская,"('55.81501', '37.498032')",55.81501,37.498032
1139,19640,ТУШИНО,ТУШИНО,Город Москва столица Российской Федерации город федерального значения,Московская,"('55.827105', '37.441141')",55.827105,37.441141
1140,19650,ПАВШИНО,ПАВШИНО,Московская область,Московская,"('55.81526', '37.341457')",55.81526,37.341457
1141,19660,НАХАБИНО,НАХАБИНО,Московская область,Московская,"('55.841535', '37.185193')",55.841535,37.185193
1142,19680,ДЕДОВСК,ДЕДОВСК,Московская область,Московская,"('55.866586', '37.125906')",55.866586,37.125906
1143,19690,СНЕГИРИ,СНЕГИРИ,Московская область,Московская,"('55.880082', '37.038956')",55.880082,37.038956
1144,19700,МАНИХИНО I,МАНИХИНО I,Московская область,Московская,"('55.889345', '36.928222')",55.889345,36.928222
1145,19710,ЛУКИНО,ЛУКИНО,Московская область,Московская,"('55.854174', '36.874419')",55.854174,36.874419
1146,19720,НОВОИЕРУСАЛИМСКАЯ,НОВОИЕРУСАЛИМСКАЯ,Московская область,Московская,"('55.911743', '36.822568')",55.911743,36.822568
1147,19730,ХОЛЩЕВИКИ,ХОЛЩЕВИКИ,Московская область,Московская,"('55.926391', '36.702517')",55.926391,36.702517
1148,19740,РУМЯНЦЕВО,РУМЯНЦЕВО,Московская область,Московская,"('55.971665', '36.544149')",55.971665,36.544149
1149,19750,ЧИСМЕНА,ЧИСМЕНА,Московская область,Московская,"('56.018681', '36.216148')",56.018681,36.216148
1150,19760,ВОЛОКОЛАМСК,ВОЛОКОЛАМСК,Московская область,Московская,"('55.993694', '35.935561')",55.993694,35.935561
1151,19770,ШАХОВСКАЯ,ШАХОВСКАЯ,Московская область,Московская,"('56.030049', '35.511873')",56.030049,35.511873
1152,19790,МОСКВА-С-КИЕВ,МОСКВА-СОРТИРОВОЧНАЯ-КИЕВСКАЯ,Город Москва столица Российской Федерации город федерального значения,Московская,"('55.728301', '37.511896')",55.728301,37.511896
1153,19810,МОСКВА-П-КИЕВ,МОСКВА-ПАССАЖИРСКАЯ-КИЕВСКАЯ,Город Москва столица Российской Федерации город федерального значения,Московская,"('55.743035', '37.567089')",55.743035,37.567089
1154,19820,МОСКВА-Т-СМОЛ,МОСКВА-ТОВАРНАЯ-СМОЛЕНСКАЯ,Город Москва столица Российской Федерации город федерального значения,Московская,"('55.772907', '37.561532')",55.772907,37.561532
1155,19850,ПРЕСНЯ,ПРЕСНЯ,Город Москва столица Российской Федерации город федерального значения,Московская,"('55.765193', '37.518424')",55.765193,37.518424
1156,19920,ЧЕРКИЗОВО,ЧЕРКИЗОВО,Город Москва столица Российской Федерации город федерального значения,Московская,"('55.803855', '37.746718')",55.803855,37.746718
1157,19930,ЛЕФОРТОВО,ЛЕФОРТОВО,Город Москва столица Российской Федерации город федерального значения,Московская,"('55.762296', '37.746242')",55.762296,37.746242
1158,19980,НОВОПРОЛЕТ,НОВОПРОЛЕТАРСКАЯ,Город Москва столица Российской Федерации город федерального значения,Московская,"('55.724836', '37.734678')",55.724836,37.734678
1159,19990,МОСКВА-Ю-П-Э,МОСКВА-ЮЖНЫЙ ПОРТ (ЭКСП.),Город Москва столица Российской Федерации город федерального значения,Московская,"('55.664081', '37.720553')",55.664081,37.720553
1160,20000,БРЯНСК-ЛЬГОВ,БРЯНСК-ЛЬГОВСКИЙ,Брянская область,Московская,"('53.213516', '34.409938')",53.213516,34.409938
1161,20010,БРЯНСК-ОРЛОВ,БРЯНСК-ОРЛОВСКИЙ,Брянская область,Московская,"('53.263141', '34.405341')",53.263141,34.405341
1162,20020,БРЯНСК-ВОСТ,БРЯНСК-ВОСТОЧНЫЙ,Брянская область,Московская,"('53.222646', '34.451367')",53.222646,34.451367
1163,20040,БЕЛЫЕ БЕРЕГА,БЕЛЫЕ БЕРЕГА,Брянская область,Московская,"('53.209869', '34.667194')",53.209869,34.667194
1164,20050,КАРАЧЕВ,КАРАЧЕВ,Брянская область,Московская,"('53.134361', '34.982041')",53.134361,34.982041
1165,20060,ХОТЫНЕЦ,ХОТЫНЕЦ,Орловская область,Московская,"('53.119475', '35.392696')",53.119475,35.392696
1166,20070,НАРЫШКИНО,НАРЫШКИНО,Орловская область,Московская,"('52.962943', '35.721417')",52.962943,35.721417
1167,20080,ПОЛПИНСКАЯ,ПОЛПИНСКАЯ,Брянская область,Московская,,,
1168,20090,ФОКИНО,ФОКИНО,Брянская область,Московская,"('53.443898', '34.401143')",53.443898,34.401143
1169,20100,ЛЮБОХНА,ЛЮБОХНА,Брянская область,Московская,"('53.503929', '34.379612')",53.503929,34.379612
1170,20110,ДЯТЬКОВО,ДЯТЬКОВО,Брянская область,Московская,"('53.611423', '34.323454')",53.611423,34.323454
1171,20120,ЗЛЫНКА-Э,ЗЛЫНКА (ЭКСП.),Брянская область,Московская,"('52.475127', '31.665759')",52.475127,31.665759
1172,20130,СВЕНЬ,СВЕНЬ,Брянская область,Московская,"('53.176871', '34.361123')",53.176871,34.361123
1173,20140,ВЫГОНИЧИ,ВЫГОНИЧИ,Брянская область,Московская,"('53.098978', '34.077752')",53.098978,34.077752
1174,20150,ПИЛЬШИНО,ПИЛЬШИНО,Брянская область,Московская,"('53.071293', '33.946766')",53.071293,33.946766
1175,20170,ПОЧЕП,ПОЧЕП,Брянская область,Московская,"('52.913615', '33.463449')",52.913615,33.463449
1176,20200,УНЕЧА,УНЕЧА,Брянская область,Московская,"('52.842361', '32.678923')",52.842361,32.678923
1177,20210,КЛИНЦЫ,КЛИНЦЫ,Брянская область,Московская,"('52.734985', '32.232788')",52.734985,32.232788
1178,20220,НОВОЗЫБКОВ,НОВОЗЫБКОВ,Брянская область,Московская,"('52.523284', '31.94722')",52.523284,31.94722
1179,20230,ЗЛЫНКА,ЗЛЫНКА,Брянская область,Московская,"('52.475127', '31.665759')",52.475127,31.665759
1180,20240,КЛИМОВ,КЛИМОВ,Брянская область,Московская,"('52.370858', '32.18937')",52.370858,32.18937
1181,20280,СУРАЖ-Э,СУРАЖ (ЭКСП.),Брянская область,Московская,"('53.021324', '32.377174')",53.021324,32.377174
1182,20290,СУРАЖ,СУРАЖ,Брянская область,Московская,"('53.021324', '32.377174')",53.021324,32.377174
1183,20300,ИПУТЬ,ИПУТЬ,Брянская область,Московская,"('52.964033', '32.40392')",52.964033,32.40392
1184,20310,СТАРОДУБ,СТАРОДУБ,Брянская область,Московская,"('52.597786', '32.758496')",52.597786,32.758496
1185,20330,ЖЕЧА,ЖЕЧА,Брянская область,Московская,"('52.719805', '32.744335')",52.719805,32.744335
1186,20320,ПОГАР,ПОГАР,Брянская область,Московская,"('52.510067', '33.218085')",52.510067,33.218085
1187,20380,НАВЛЯ,НАВЛЯ,Брянская область,Московская,"('52.822252', '34.493832')",52.822252,34.493832
1188,20390,АЛТУХОВО,АЛТУХОВО,Брянская область,Московская,"('52.678661', '34.367676')",52.678661,34.367676
1189,20400,КОКОРЕВКА,КОКОРЕВКА,Брянская область,Московская,"('52.586662', '34.285784')",52.586662,34.285784
1190,20410,ХОЛМЕЧИ,ХОЛМЕЧИ,Брянская область,Московская,"('52.501088', '34.208843')",52.501088,34.208843
1191,20420,СУЗЕМКА,СУЗЕМКА,Брянская область,Московская,"('52.318006', '34.073967')",52.318006,34.073967
1192,20440,СУЗЕМКА-Э,СУЗЕМКА (ЭКСП.),Брянская область,Московская,"('52.318006', '34.073967')",52.318006,34.073967
1193,20450,ПОГРЕБЫ,ПОГРЕБЫ,Брянская область,Московская,"('52.662879', '34.515232')",52.662879,34.515232
1194,20460,БРАСОВО,БРАСОВО,Брянская область,Московская,"('52.588465', '34.576692')",52.588465,34.576692
1195,20470,КОМАРИЧИ,КОМАРИЧИ,Брянская область,Московская,"('52.414921', '34.785103')",52.414921,34.785103
1196,20480,ДЕРЮГИНО,ДЕРЮГИНО,Курская область,Московская,"('52.210452', '34.990723')",52.210452,34.990723
1197,20490,ДМИТРИЕВ-ЛЬГ,ДМИТРИЕВ-ЛЬГОВСКИЙ,Курская область,Московская,"('52.125482', '35.062208')",52.125482,35.062208
1198,20500,АРБУЗОВО,АРБУЗОВО,Курская область,Московская,"('52.020997', '35.116639')",52.020997,35.116639
1199,20520,ОСТАПОВО,ОСТАПОВО,Курская область,Московская,"('52.273934', '35.42599')",52.273934,35.42599
1200,20530,МИХАЙЛОВ РУД,МИХАЙЛОВСКИЙ РУДНИК,Курская область,Московская,"('52.359592', '35.388198')",52.359592,35.388198
1201,20540,КУРБАКИНСКАЯ,КУРБАКИНСКАЯ,Курская область,Московская,"('52.435133', '35.559127')",52.435133,35.559127
1202,20550,КРОМЫ,КРОМЫ,Орловская область,Московская,"('52.671103', '35.81956')",52.671103,35.81956
1203,20560,ЛУЖКИ-ОРЛОВ,ЛУЖКИ-ОРЛОВСКИЕ,Орловская область,Московская,"('52.931679', '36.095706')",52.931679,36.095706
1204,20580,КОНЫШЕВКА,КОНЫШЕВКА,Курская область,Московская,"('51.839793', '35.290602')",51.839793,35.290602
1205,20590,ШЕРЕКИНО,ШЕРЕКИНО,Курская область,Московская,"('51.69413', '35.249964')",51.69413,35.249964
1206,20620,ЛЬГОВ-КИЕВСК,ЛЬГОВ-КИЕВСКИЙ,Курская область,Московская,"('51.637462', '35.267219')",51.637462,35.267219
1207,20650,СУДЖА,СУДЖА,Курская область,Московская,"('51.207578', '35.308961')",51.207578,35.308961
1208,20660,СОСНОВЫЙ БОР,СОСНОВЫЙ БОР,Курская область,Московская,"('51.118602', '35.512563')",51.118602,35.512563
1209,20670,ПСЕЛ,ПСЕЛ,Курская область,Московская,"('51.078926', '35.586014')",51.078926,35.586014
1210,20710,ГЛУШКОВО-Э,ГЛУШКОВО (ЭКСП.),Курская область,Московская,"('51.289144', '34.734758')",51.289144,34.734758
1211,20730,ГЛУШКОВО,ГЛУШКОВО,Курская область,Московская,"('51.289144', '34.734758')",51.289144,34.734758
1212,20740,КОРЕНЕВО,КОРЕНЕВО,Курская область,Московская,"('51.410897', '34.89935')",51.410897,34.89935
1213,20750,СЕЙМСКАЯ,СЕЙМСКАЯ,Курская область,Московская,"('51.557908', '34.694978')",51.557908,34.694978
1214,20760,РЫЛЬСК,РЫЛЬСК,Курская область,Московская,"('51.565879', '34.714204')",51.565879,34.714204
1215,20780,БЛОХИНО,БЛОХИНО,Курская область,Московская,"('51.621844', '35.501056')",51.621844,35.501056
1216,20790,ЛУКАШЕВКА,ЛУКАШЕВКА,Курская область,Московская,"('51.648626', '35.581552')",51.648626,35.581552
1217,20800,ДЬЯКОНОВО,ДЬЯКОНОВО,Курская область,Московская,"('51.649095', '35.960092')",51.649095,35.960092
1218,20810,РЫШКОВО,РЫШКОВО,Курская область,Московская,"('51.655407', '36.136933')",51.655407,36.136933
1219,20820,КУРСК,КУРСК,Курская область,Московская,"('51.749804', '36.228361')",51.749804,36.228361
1220,20840,НОЗДРАЧЕВО,НОЗДРАЧЕВО,Курская область,Московская,"('51.77128', '36.280015')",51.77128,36.280015
1221,20850,ОТРЕШКОВО,ОТРЕШКОВО,Курская область,Московская,"('51.790638', '36.505064')",51.790638,36.505064
1222,20860,ОХОЧЕВКА,ОХОЧЕВКА,Курская область,Московская,"('51.885834', '36.734018')",51.885834,36.734018
1223,20890,КОЛПНЫ,КОЛПНЫ,Орловская область,Московская,"('52.218611', '37.02883')",52.218611,37.02883
1224,20900,ЩИГРЫ,ЩИГРЫ,Курская область,Московская,"('51.87757', '36.914387')",51.87757,36.914387
1225,20910,УДОБРИТЕЛЬН,УДОБРИТЕЛЬНАЯ,Курская область,Московская,"('51.870451', '36.974726')",51.870451,36.974726
1226,20920,ЧЕРЕМИСИНОВО,ЧЕРЕМИСИНОВО,Курская область,Московская,"('51.884254', '37.258338')",51.884254,37.258338
1227,20930,МАРМЫЖИ,МАРМЫЖИ,Курская область,Московская,"('51.866637', '37.552105')",51.866637,37.552105
1228,20940,КШЕНЬ,КШЕНЬ,Курская область,Московская,"('51.848216', '37.721069')",51.848216,37.721069
1229,21000,ПЛЕХАНОВО,ПЛЕХАНОВО,Тульская область,Московская,"('54.285227', '37.467663')",54.285227,37.467663
1230,21010,ТУЛА-ЛИХВИН,ТУЛА-ЛИХВИНСКАЯ,Тульская область,Московская,"('54.158136', '37.582335')",54.158136,37.582335
1231,21020,ТУЛА I-КУРС,ТУЛА I-КУРСКАЯ,Тульская область,Московская,"('54.199513', '37.577005')",54.199513,37.577005
1232,21030,ТУЛА-ВЯЗЕМСК,ТУЛА-ВЯЗЕМСКАЯ,Тульская область,Московская,"('54.209246', '37.628469')",54.209246,37.628469
1233,21050,ХОМЯКОВО,ХОМЯКОВО,Тульская область,Московская,"('54.290853', '37.606379')",54.290853,37.606379
1234,21060,РЕВЯКИНО,РЕВЯКИНО,Тульская область,Московская,"('54.36224', '37.662592')",54.36224,37.662592
1235,21070,ЯСНОГОРСК,ЯСНОГОРСК,Тульская область,Московская,"('54.478928', '37.68529')",54.478928,37.68529
1236,21090,ТАРУССКАЯ,ТАРУССКАЯ,Тульская область,Московская,"('54.735374', '37.400852')",54.735374,37.400852
1237,21100,НЕКРАСОВО,НЕКРАСОВО,Тульская область,Московская,"('54.255491', '37.486917')",54.255491,37.486917
1238,21110,ОБИДИМО,ОБИДИМО,Тульская область,Московская,"('54.285048', '37.407352')",54.285048,37.407352
1239,21120,СУХОДОЛ,СУХОДОЛ,Тульская область,Московская,"('54.439142', '37.353276')",54.439142,37.353276
1240,21140,АЛЕКСИН,АЛЕКСИН,Тульская область,Московская,"('54.500245', '37.077235')",54.500245,37.077235
1241,21150,ЭНЕРГЕТИК,ЭНЕРГЕТИК,Тульская область,Московская,"('54.491644', '37.022559')",54.491644,37.022559
1242,21160,СРЕДНЯЯ,СРЕДНЯЯ,Тульская область,Московская,"('54.510507', '36.96651')",54.510507,36.96651
1243,21180,КРИВОЛУЧЬЕ,КРИВОЛУЧЬЕ,Тульская область,Московская,"('54.182757', '37.693814')",54.182757,37.693814
1244,21190,ПРИСАДЫ,ПРИСАДЫ,Тульская область,Московская,"('54.119856', '37.809988')",54.119856,37.809988
1245,21210,ДЕДИЛОВО,ДЕДИЛОВО,Тульская область,Московская,"('54.023086', '38.044915')",54.023086,38.044915
1246,21240,БЕРНИКИ,БЕРНИКИ,Тульская область,Московская,"('54.289376', '37.246714')",54.289376,37.246714
1247,21250,УПА,УПА,Тульская область,Московская,"('54.207264', '37.05055')",54.207264,37.05055
1248,21260,ХАНИНО,ХАНИНО,Тульская область,Московская,"('54.18283', '36.701972')",54.18283,36.701972
1249,21270,ЗБРОДОВО,ЗБРОДОВО,Тульская область,Московская,"('54.142208', '36.512422')",54.142208,36.512422
1250,21290,ЧЕРЕПЕТЬ,ЧЕРЕПЕТЬ,Тульская область,Московская,"('54.101422', '36.346987')",54.101422,36.346987
1251,21300,ШЕПЕЛЕВО,ШЕПЕЛЕВО,Калужская область,Московская,"('54.040595', '36.011148')",54.040595,36.011148
1252,21310,ТУПИК,ТУПИК,Калужская область,Московская,"('54.020317', '35.825965')",54.020317,35.825965
1253,21330,СЛАГОВИЩИ,СЛАГОВИЩИ,Калужская область,Московская,"('53.922362', '35.877371')",53.922362,35.877371
1254,21350,БЕЛЕВ,БЕЛЕВ,Тульская область,Московская,"('53.816975', '36.118126')",53.816975,36.118126
1255,21370,АРСЕНЬЕВО,АРСЕНЬЕВО,Тульская область,Московская,"('53.733793', '36.665516')",53.733793,36.665516
1256,21390,ЯСНАЯ ПОЛЯНА,ЯСНАЯ ПОЛЯНА,Тульская область,Московская,"('54.081297', '37.568418')",54.081297,37.568418
1257,21400,КАЗНАЧЕЕВКА,КАЗНАЧЕЕВКА,Тульская область,Московская,"('54.052025', '37.545745')",54.052025,37.545745
1258,21410,ЩЕКИНО,ЩЕКИНО,Тульская область,Московская,"('54.00957', '37.501843')",54.00957,37.501843
1259,21420,ЛАЗАРЕВО,ЛАЗАРЕВО,Тульская область,Московская,"('53.848431', '37.491727')",53.848431,37.491727
1260,21430,ПЛАВСК,ПЛАВСК,Тульская область,Московская,"('53.70736', '37.314224')",53.70736,37.314224
1261,21470,ГОРБАЧЕВО,ГОРБАЧЕВО,Тульская область,Московская,"('53.600441', '37.131172')",53.600441,37.131172
1262,21500,СКУРАТОВО,СКУРАТОВО,Тульская область,Московская,"('53.564479', '37.030669')",53.564479,37.030669
1263,21540,ЧЕРНЬ,ЧЕРНЬ,Тульская область,Московская,"('53.433509', '36.78838')",53.433509,36.78838
1264,21550,МЦЕНСК,МЦЕНСК,Орловская область,Московская,"('53.293057', '36.564165')",53.293057,36.564165
1265,21570,ДУМЧИНО,ДУМЧИНО,Орловская область,Московская,,,
1266,21560,ОТРАДА,ОТРАДА,Орловская область,Московская,"('53.161605', '36.335623')",53.161605,36.335623
1267,21580,СТАЛЬН КОНЬ,СТАЛЬНОЙ КОНЬ,Орловская область,Московская,"('53.037679', '36.13449')",53.037679,36.13449
1268,21600,ОРЕЛ,ОРЕЛ,Орловская область,Московская,"('52.979401', '36.112363')",52.979401,36.112363
1269,21610,КРОМСКАЯ,КРОМСКАЯ,Орловская область,Московская,"('52.942529', '36.059084')",52.942529,36.059084
1270,21620,ЦОН,ЦОН,Орловская область,Московская,"('52.926127', '36.028733')",52.926127,36.028733
1271,21630,САХАНСКАЯ,САХАНСКАЯ,Орловская область,Московская,"('52.927216', '35.928466')",52.927216,35.928466
1272,21660,СТАНОВОЙ КОЛОДЕЗЬ,СТАНОВОЙ КОЛОДЕЗЬ,Орловская область,Московская,"('52.827083', '36.260098')",52.827083,36.260098
1273,21670,ЕРОПКИНО,ЕРОПКИНО,Орловская область,Московская,"('52.741845', '36.309171')",52.741845,36.309171
1274,21680,ЗМИЕВКА,ЗМИЕВКА,Орловская область,Московская,"('52.665208', '36.371541')",52.665208,36.371541
1275,21690,ГЛАЗУНОВКА,ГЛАЗУНОВКА,Орловская область,Московская,"('52.495378', '36.323452')",52.495378,36.323452
1276,21700,МАЛОАРХАНГ,МАЛОАРХАНГЕЛЬСК,Орловская область,Московская,"('52.386875', '36.30907')",52.386875,36.30907
1277,21710,ПОНЫРИ,ПОНЫРИ,Курская область,Московская,"('52.314186', '36.306629')",52.314186,36.306629
1278,21720,ВОЗЫ,ВОЗЫ,Курская область,Московская,"('52.181801', '36.276256')",52.181801,36.276256
1279,21730,ЗОЛОТУХИНО,ЗОЛОТУХИНО,Курская область,Московская,"('52.080662', '36.374326')",52.080662,36.374326
1280,21740,СВОБОДА,СВОБОДА,Курская область,Московская,"('51.946532', '36.364503')",51.946532,36.364503
1281,21750,МОХОВАЯ,МОХОВАЯ,Орловская область,Московская,"('52.949373', '36.570641')",52.949373,36.570641
1282,21760,ЗАЛЕГОЩЬ,ЗАЛЕГОЩЬ,Орловская область,Московская,"('52.900778', '36.893717')",52.900778,36.893717
1283,21770,ВЕРХОВЬЕ,ВЕРХОВЬЕ,Орловская область,Московская,"('52.813823', '37.239619')",52.813823,37.239619
1284,21790,ХОМУТОВО,ХОМУТОВО,Орловская область,Московская,"('52.857823', '37.444709')",52.857823,37.444709
1285,21800,КРАСНАЯ ЗАРЯ,КРАСНАЯ ЗАРЯ,Орловская область,Московская,"('52.781517', '37.679202')",52.781517,37.679202
1286,21810,ИЗМАЛКОВО,ИЗМАЛКОВО,Липецкая область,Московская,"('52.684157', '37.967434')",52.684157,37.967434
1287,21820,КАЗАКИ,КАЗАКИ,Липецкая область,Московская,"('52.602926', '38.278378')",52.602926,38.278378
1288,21830,ПАЖЕНЬ,ПАЖЕНЬ,Липецкая область,Московская,"('52.598536', '38.379663')",52.598536,38.379663
1289,21850,РУССКИЙ БРОД,РУССКИЙ БРОД,Орловская область,Московская,"('52.603098', '37.360835')",52.603098,37.360835
1290,21860,ЛИВНЫ I,ЛИВНЫ I,Орловская область,Московская,"('52.427076', '37.599464')",52.427076,37.599464
1291,21870,ЛИВНЫ II,ЛИВНЫ II,Орловская область,Московская,"('52.409128', '37.547107')",52.409128,37.547107
1292,21880,КОРОТЫШ,КОРОТЫШ,Орловская область,Московская,"('52.340499', '37.52145')",52.340499,37.52145
1293,21890,СТУДЕНЫЙ,СТУДЕНЫЙ,Орловская область,Московская,"('52.179411', '37.567369')",52.179411,37.567369
1294,21900,ДОЛГАЯ,ДОЛГАЯ,Орловская область,Московская,"('52.057662', '37.538891')",52.057662,37.538891
1295,22000,РЫБНОЕ,РЫБНОЕ,Рязанская область,Московская,"('54.730608', '39.505295')",54.730608,39.505295
1296,22020,ДЯГИЛЕВО,ДЯГИЛЕВО,Рязанская область,Московская,"('54.656912', '39.631313')",54.656912,39.631313
1297,22030,РЯЗАНЬ I,РЯЗАНЬ I,Рязанская область,Московская,"('54.63372', '39.71365')",54.63372,39.71365
1298,22050,ЛЕСОК,ЛЕСОК,Рязанская область,Московская,"('54.585834', '39.794446')",54.585834,39.794446
1299,22080,ПРОНЯ,ПРОНЯ,Рязанская область,Московская,"('54.298212', '40.243926')",54.298212,40.243926
1300,22090,ШЕЛУХОВО,ШЕЛУХОВО,Рязанская область,Московская,"('54.281223', '40.548142')",54.281223,40.548142
1301,22110,ШИЛОВО,ШИЛОВО,Рязанская область,Московская,"('54.320775', '40.888281')",54.320775,40.888281
1302,22150,КАСИМОВ,КАСИМОВ,Рязанская область,Московская,"('54.895907', '41.323734')",54.895907,41.323734
1303,22160,НАЗАРОВКА,НАЗАРОВКА,Рязанская область,Московская,"('54.30114', '41.297215')",54.30114,41.297215
1304,22170,ЧУЧКОВО,ЧУЧКОВО,Рязанская область,Московская,,,
1305,22180,НИЖНЕМАЛЬЦ,НИЖНЕМАЛЬЦЕВО,Рязанская область,Московская,"('54.272661', '41.697544')",54.272661,41.697544
1306,22190,СОТНИЦЫНО,СОТНИЦЫНО,Рязанская область,Московская,"('54.284892', '41.788691')",54.284892,41.788691
1307,22200,САСОВО,САСОВО,Рязанская область,Московская,"('54.347458', '41.93169')",54.347458,41.93169
1308,22210,БЕРЕСТЯНКИ,БЕРЕСТЯНКИ,Рязанская область,Московская,"('54.335416', '41.986917')",54.335416,41.986917
1309,22220,КУСТАРЕВКА,КУСТАРЕВКА,Рязанская область,Московская,"('54.263852', '42.265566')",54.263852,42.265566
1310,22240,СВЕЖЕНЬКАЯ,СВЕЖЕНЬКАЯ,Республика Мордовия,Московская,"('54.008041', '42.430404')",54.008041,42.430404
1311,22250,ИЗВЕСТЬ,ИЗВЕСТЬ,Республика Мордовия,Московская,"('53.935548', '42.445834')",53.935548,42.445834
1312,22260,ВЫША,ВЫША,Республика Мордовия,Московская,"('53.852289', '42.37671')",53.852289,42.37671
1313,22280,РЯЗАНЬ II,РЯЗАНЬ II,Рязанская область,Московская,"('54.627958', '39.698011')",54.627958,39.698011
1314,22290,РЯЗАНЬ-ОКА-ПР,РЯЗАНЬ-ОКА-ПРИСТАНЬ,Рязанская область,Московская,"('54.654442', '39.725546')",54.654442,39.725546
1315,22310,СТЕНЬКИНО II,СТЕНЬКИНО II,Рязанская область,Московская,"('54.546732', '39.747573')",54.546732,39.747573
1316,22320,ДЕНЕЖНИКОВО,ДЕНЕЖНИКОВО,Рязанская область,Московская,"('54.472186', '39.790999')",54.472186,39.790999
1317,22330,СТАРОЖИЛОВО,СТАРОЖИЛОВО,Рязанская область,Московская,"('54.28179', '39.92887')",54.28179,39.92887
1318,22340,ХРУЩЕВО,ХРУЩЕВО,Рязанская область,Московская,"('54.174704', '39.99267')",54.174704,39.99267
1319,22350,ЧЕМОДАНОВКА,ЧЕМОДАНОВКА,Рязанская область,Московская,"('54.086776', '39.986409')",54.086776,39.986409
1320,22370,КОРАБЛИНО,КОРАБЛИНО,Рязанская область,Московская,"('53.921144', '40.019254')",53.921144,40.019254
1321,22380,РЯЖСК I,РЯЖСК I,Рязанская область,Московская,"('53.708735', '40.10424')",53.708735,40.10424
1322,22420,УЗЛОВАЯ I,УЗЛОВАЯ I,Тульская область,Московская,"('53.975698', '38.174761')",53.975698,38.174761
1323,22430,УЗЛОВАЯ II,УЗЛОВАЯ II,Тульская область,Московская,"('53.94705', '38.164805')",53.94705,38.164805
1324,22440,УЗЛОВАЯ III,УЗЛОВАЯ III,Тульская область,Московская,"('54.009078', '38.115881')",54.009078,38.115881
1325,22460,ЖДАНКА,ЖДАНКА,Тульская область,Московская,"('53.778999', '38.111034')",53.778999,38.111034
1326,22470,ТОВАРКОВО,ТОВАРКОВО,Тульская область,Московская,"('53.688985', '38.170737')",53.688985,38.170737
1327,22480,ВОЛОВО,ВОЛОВО,Тульская область,Московская,"('53.558893', '37.993373')",53.558893,37.993373
1328,22500,ТУРДЕЙ,ТУРДЕЙ,Тульская область,Московская,"('53.366893', '38.070769')",53.366893,38.070769
1329,22520,МАЛ АНДРЕЕВ,МАЛАЯ АНДРЕЕВКА,Тульская область,Московская,"('53.282665', '38.092311')",53.282665,38.092311
1330,22530,ЕФРЕМОВ,ЕФРЕМОВ,Тульская область,Московская,"('53.149301', '38.125929')",53.149301,38.125929
1331,22560,БОБРИК-ДОНСК,БОБРИК-ДОНСКОЙ,Тульская область,Московская,"('53.963577', '38.310447')",53.963577,38.310447
1332,22570,СБОРНАЯ-УГ,СБОРНАЯ-УГОЛЬНАЯ,Тульская область,Московская,"('53.99059', '38.29999')",53.99059,38.29999
1333,22580,УРВАНКА,УРВАНКА,Тульская область,Московская,"('54.023215', '38.257051')",54.023215,38.257051
1334,22550,ПРОМГИПСОВАЯ,ПРОМГИПСОВАЯ,Тульская область,Московская,,,
1335,22590,КЛЮЧЕВКА,КЛЮЧЕВКА,Тульская область,Московская,"('54.042068', '38.215473')",54.042068,38.215473
1336,22630,НОВОМОСКОВСКАЯ II,НОВОМОСКОВСКАЯ II,Тульская область,Московская,"('54.011704', '38.270853')",54.011704,38.270853
1337,22640,СЕВЕРНАЯ,СЕВЕРНАЯ,Тульская область,Московская,"('54.079659', '38.168819')",54.079659,38.168819
1338,22650,МАКЛЕЦ,МАКЛЕЦ,Тульская область,Московская,"('54.072223', '38.141376')",54.072223,38.141376
1339,22670,ВЕНЕВ,ВЕНЕВ,Тульская область,Московская,"('54.349175', '38.243754')",54.349175,38.243754
1340,22680,МОРДВЕС,МОРДВЕС,Тульская область,Московская,"('54.575084', '38.222165')",54.575084,38.222165
1341,22720,КИМОВСК,КИМОВСК,Тульская область,Московская,"('53.966028', '38.533843')",53.966028,38.533843
1342,22760,МИЛЛИОННАЯ,МИЛЛИОННАЯ,Рязанская область,Московская,"('53.842361', '39.035196')",53.842361,39.035196
1343,22770,ПАВЕЛЕЦ-СЫЗР,ПАВЕЛЕЦ-СЫЗРАНСКИЙ,Рязанская область,Московская,"('53.840694', '39.216077')",53.840694,39.216077
1344,22790,ВОСЛЕБОВО,ВОСЛЕБОВО,Рязанская область,Московская,"('53.849796', '39.497087')",53.849796,39.497087
1345,22800,СКОПИН,СКОПИН,Рязанская область,Московская,"('53.825497', '39.573986')",53.825497,39.573986
1346,22810,ЖЕЛТУХИНО,ЖЕЛТУХИНО,Рязанская область,Московская,"('53.769361', '39.811597')",53.769361,39.811597
1347,22820,ПАВЕЛЕЦ-ТУЛ,ПАВЕЛЕЦ-ТУЛЬСКИЙ,Рязанская область,Московская,"('53.785888', '39.242108')",53.785888,39.242108
1348,22830,ЛУЖКОВСКАЯ,ЛУЖКОВСКАЯ,Рязанская область,Московская,"('54.039575', '39.108037')",54.039575,39.108037
1349,22840,МИХАЙЛОВ,МИХАЙЛОВ,Рязанская область,Московская,"('54.220687', '39.01726')",54.220687,39.01726
1350,22860,ВИЛЕНКИ,ВИЛЕНКИ,Рязанская область,Московская,"('54.29458', '38.899472')",54.29458,38.899472
1351,22880,СЕРЕБР ПРУДЫ,СЕРЕБРЯНЫЕ ПРУДЫ,Московская область,Московская,"('54.460086', '38.721076')",54.460086,38.721076
1352,22890,УЗУНОВО,УЗУНОВО,Московская область,Московская,"('54.546308', '38.619435')",54.546308,38.619435
1353,22910,МАКЕЕВО-МОСК,МАКЕЕВО-МОСКОВСКОЕ,Рязанская область,Московская,"('54.663859', '39.140988')",54.663859,39.140988
1354,22950,БОГАТИЩЕВО,БОГАТИЩЕВО,Московская область,Московская,"('54.678952', '38.530036')",54.678952,38.530036
1355,22960,ПУРЛОВО,ПУРЛОВО,Московская область,Московская,"('54.732142', '38.384378')",54.732142,38.384378
1356,22970,ОЖЕРЕЛЬЕ,ОЖЕРЕЛЬЕ,Московская область,Московская,"('54.802243', '38.273757')",54.802243,38.273757
1357,23000,ОРЕХОВО-ЗУЕВО,ОРЕХОВО-ЗУЕВО,Московская область,Московская,"('55.79597', '38.976825')",55.79597,38.976825
1358,23010,РЕУТОВО,РЕУТОВО,Московская область,Московская,"('55.75246', '37.859809')",55.75246,37.859809
1359,23020,СТРОЙКА,СТРОЙКА,Московская область,Московская,"('55.779559', '37.863264')",55.779559,37.863264
1360,23030,БАЛАШИХА,БАЛАШИХА,Московская область,Московская,"('55.810116', '37.949482')",55.810116,37.949482
1361,23040,ЖЕЛЕЗНОДОР,ЖЕЛЕЗНОДОРОЖНАЯ,Московская область,Московская,"('55.752462', '38.008176')",55.752462,38.008176
1362,23050,КУПАВНА,КУПАВНА,Московская область,Московская,"('55.752875', '38.122569')",55.752875,38.122569
1363,23060,ЭЛЕКТРОУГЛИ,ЭЛЕКТРОУГЛИ,Московская область,Московская,"('55.730198', '38.202422')",55.730198,38.202422
1364,23070,ХРАПУНОВО,ХРАПУНОВО,Московская область,Московская,"('55.720921', '38.348573')",55.720921,38.348573
1365,23080,ФРЯЗЕВО,ФРЯЗЕВО,Московская область,Московская,"('55.732456', '38.467481')",55.732456,38.467481
1366,23090,ЭЛЕКТРОСТАЛЬ,ЭЛЕКТРОСТАЛЬ,Московская область,Московская,"('55.786338', '38.460949')",55.786338,38.460949
1367,23100,НОГИНСК,НОГИНСК,Московская область,Московская,"('55.850736', '38.443275')",55.850736,38.443275
1368,23110,ПАВЛОВСКИЙ ПОСАД,ПАВЛОВСКИЙ ПОСАД,Московская область,Московская,"('55.77582', '38.673619')",55.77582,38.673619
1369,23120,ЭЛЕКТРОГОРСК,ЭЛЕКТРОГОРСК,Московская область,Московская,,,
1370,23140,УСАД,УСАД,Владимирская область,Московская,"('55.868793', '39.103388')",55.868793,39.103388
1371,23150,ПОКРОВ,ПОКРОВ,Владимирская область,Московская,"('55.891733', '39.216354')",55.891733,39.216354
1372,23160,ДУЛЕВО,ДУЛЕВО,Московская область,Московская,"('55.703552', '38.963228')",55.703552,38.963228
1373,23170,ДАВЫДОВО,ДАВЫДОВО,Московская область,Московская,"('55.610424', '38.878481')",55.610424,38.878481
1374,23180,КУРОВСКАЯ,КУРОВСКАЯ,Московская область,Московская,"('55.573364', '38.924014')",55.573364,38.924014
1375,23190,АВСЮНИНО,АВСЮНИНО,Московская область,Московская,"('55.560054', '39.111303')",55.560054,39.111303
1376,23210,ШАТУРА,ШАТУРА,Московская область,Московская,"('55.573299', '39.522732')",55.573299,39.522732
1377,23230,КРИВАНДИНО,КРИВАНДИНО,Московская область,Московская,"('55.558744', '39.688408')",55.558744,39.688408
1378,23270,РЯЗАНОВКА,РЯЗАНОВКА,Московская область,Московская,"('55.147167', '39.557747')",55.147167,39.557747
1379,23310,ЧЕРУСТИ,ЧЕРУСТИ,Московская область,Московская,"('55.541558', '40.004944')",55.541558,40.004944
1380,23340,ЕГОРЬЕВСК I,ЕГОРЬЕВСК I,Московская область,Московская,"('55.383738', '39.013992')",55.383738,39.013992
1381,23360,ВОСКРЕСЕНСК,ВОСКРЕСЕНСК,Московская область,Московская,"('55.312621', '38.702317')",55.312621,38.702317
1382,23370,ПЕСКИ,ПЕСКИ,Московская область,Московская,"('55.214882', '38.77193')",55.214882,38.77193
1383,23380,ГОЛУТВИН,ГОЛУТВИН,Московская область,Московская,"('55.085874', '38.805943')",55.085874,38.805943
1384,23390,КАРАСЕВО,КАРАСЕВО,Московская область,Московская,"('55.012161', '38.614998')",55.012161,38.614998
1385,23400,ОЗЕРЫ,ОЗЕРЫ,Московская область,Московская,"('54.861456', '38.568356')",54.861456,38.568356
1386,23410,ЩУРОВО,ЩУРОВО,Московская область,Московская,"('55.064717', '38.851612')",55.064717,38.851612
1387,23420,ЛУХОВИЦЫ,ЛУХОВИЦЫ,Московская область,Московская,"('54.982409', '39.042839')",54.982409,39.042839
1388,23430,ЗАРАЙСК,ЗАРАЙСК,Московская область,Московская,"('54.769885', '38.883784')",54.769885,38.883784
1389,23440,ФРУКТОВАЯ,ФРУКТОВАЯ,Московская область,Московская,"('54.915818', '39.258033')",54.915818,39.258033
1390,23450,АЛПАТЬЕВО,АЛПАТЬЕВО,Московская область,Московская,"('54.879745', '39.327244')",54.879745,39.327244
1391,23480,МЫТИЩИ,МЫТИЩИ,Московская область,Московская,"('55.914654', '37.761545')",55.914654,37.761545
1392,23490,ПОДЛИПКИ-ДАЧ,ПОДЛИПКИ-ДАЧНЫЕ,Московская область,Московская,"('55.925473', '37.816967')",55.925473,37.816967
1393,23500,БОЛШЕВО,БОЛШЕВО,Московская область,Московская,"('55.926219', '37.861212')",55.926219,37.861212
1394,23510,ЗЕЛЕНЫЙ БОР,ЗЕЛЕНЫЙ БОР,Московская область,Московская,"('55.963198', '37.874131')",55.963198,37.874131
1395,23520,ИВАНТЕЕВКА,ИВАНТЕЕВКА,Московская область,Московская,"('55.96462', '37.939014')",55.96462,37.939014
1396,23530,ФРЯЗИНО,ФРЯЗИНО,Московская область,Московская,"('55.963049', '38.02895')",55.963049,38.02895
1397,23540,СОКОЛОВСКАЯ,СОКОЛОВСКАЯ,Московская область,Московская,"('55.927414', '37.944924')",55.927414,37.944924
1398,23550,ЩЕЛКОВО,ЩЕЛКОВО,Московская область,Московская,"('55.909511', '38.008645')",55.909511,38.008645
1399,23560,ЧКАЛОВСКАЯ,ЧКАЛОВСКАЯ,Московская область,Московская,"('55.897357', '38.062548')",55.897357,38.062548
1400,23570,МОНИНО,МОНИНО,Московская область,Московская,"('55.842995', '38.198827')",55.842995,38.198827
1401,23590,ПУШКИНО,ПУШКИНО,Московская область,Московская,"('56.011618', '37.839701')",56.011618,37.839701
1402,23600,СОФРИНО,СОФРИНО,Московская область,Московская,"('56.135413', '37.930053')",56.135413,37.930053
1403,23610,КРАСНОАРМЕЙСК,КРАСНОАРМЕЙСК,Московская область,Московская,"('56.109178', '38.137762')",56.109178,38.137762
1404,23620,ХОТЬКОВО,ХОТЬКОВО,Московская область,Московская,"('56.256751', '37.993776')",56.256751,37.993776
1405,23630,СЕРГИЕВ ПОСАД,СЕРГИЕВ ПОСАД,Московская область,Московская,"('56.302179', '38.137165')",56.302179,38.137165
1406,23640,КОСТИНО,КОСТИНО,Московская область,Московская,"('56.292098', '37.782738')",56.292098,37.782738
1407,23650,ЖЕЛТИКОВО,ЖЕЛТИКОВО,Московская область,Московская,"('56.297477', '37.941778')",56.297477,37.941778
1408,23660,НАУГОЛЬНЫЙ,НАУГОЛЬНЫЙ,Московская область,Московская,"('56.359917', '38.178263')",56.359917,38.178263
1409,23670,БУЖАНИНОВО,БУЖАНИНОВО,Московская область,Московская,"('56.391967', '38.307649')",56.391967,38.307649
1410,23680,АРСАКИ,АРСАКИ,Владимирская область,Московская,"('56.384812', '38.456725')",56.384812,38.456725
1411,23700,АЛЕКСАНДРОВ,АЛЕКСАНДРОВ,Владимирская область,Московская,"('56.398523', '38.705784')",56.398523,38.705784
1412,23740,КИРЖАЧ,КИРЖАЧ,Владимирская область,Московская,"('56.151654', '38.845527')",56.151654,38.845527
1413,23760,ПОТОЧИНО,ПОТОЧИНО,Московская область,Московская,"('55.849807', '39.022843')",55.849807,39.022843
1414,23780,МАРК,МАРК,Город Москва столица Российской Федерации город федерального значения,Московская,"('55.905644', '37.537389')",55.905644,37.537389
1415,23790,ЛОБНЯ,ЛОБНЯ,Московская область,Московская,"('56.013165', '37.485014')",56.013165,37.485014
1416,23800,КАТУАР,КАТУАР,Московская область,Московская,"('56.089996', '37.503814')",56.089996,37.503814
1417,23810,ИКША,ИКША,Московская область,Московская,"('56.171871', '37.509349')",56.171871,37.509349
1418,23860,БЕЛЫЙ РАСТ,БЕЛЫЙ РАСТ,Московская область,Московская,,,
1419,23820,ПОВАРОВО II,ПОВАРОВО II,Московская область,Московская,"('56.073513', '37.113779')",56.073513,37.113779
1420,23830,ЯХРОМА,ЯХРОМА,Московская область,Московская,"('56.285153', '37.502992')",56.285153,37.502992
1421,23840,ДМИТРОВ,ДМИТРОВ,Московская область,Московская,"('56.337288', '37.51008')",56.337288,37.51008
1422,23850,КАНАЛСТРОЙ,КАНАЛСТРОЙ,Московская область,Московская,"('56.383582', '37.515421')",56.383582,37.515421
1423,23880,ВЕРБИЛКИ,ВЕРБИЛКИ,Московская область,Московская,"('56.53951', '37.559918')",56.53951,37.559918
1424,23890,СОРЕВНОВАН,СОРЕВНОВАНИЕ,Московская область,Московская,"('56.529114', '37.428267')",56.529114,37.428267
1425,23900,БОЛ-ВОЛГА,БОЛЬШАЯ ВОЛГА,Московская область,Московская,"('56.726246', '37.137056')",56.726246,37.137056
1426,23910,ТАЛДОМ-САВЕЛ,ТАЛДОМ-САВЕЛОВСКИЙ,Московская область,Московская,"('56.721775', '37.527417')",56.721775,37.527417
6558,18280,ФИЛИ-ПЕР,ФИЛИ (ПЕРЕВ.),Город Москва столица Российской Федерации город федерального значения,Московская,"('55.74435', '37.514739')",55.74435,37.514739
6559,20030,МОСКВА-Ю-П-ПЕР,МОСКВА-ЮЖНЫЙ ПОРТ (ПЕРЕВ.),Город Москва столица Российской Федерации город федерального значения,Московская,"('55.664081', '37.720553')",55.664081,37.720553
6560,22300,РЯЗ-ОКА-ПР-П,РЯЗАНЬ-ОКА-ПРИСТАНЬ (ПЕРЕВ.),Рязанская область,Московская,"('54.654442', '39.725546')",54.654442,39.725546
6561,23870,ДМИТРОВ-ПЕР,ДМИТРОВ (ПЕРЕВ.),Московская область,Московская,"('56.341073', '37.512226')",56.341073,37.512226
6562,23920,БОЛ-ВОЛГА-Э,БОЛЬШАЯ ВОЛГА (ЭКСП.),Московская область,Московская,"('56.726246', '37.137056')",56.726246,37.137056
6768,20430,ТРУБЧЕВСК,ТРУБЧЕВСК,Брянская область,Московская,,,
6770,20510,БЕЛ БЕРЕЗКА,БЕЛАЯ БЕРЕЗКА,Калужская область,Московская,,,
